Workbook

Sheet Shot Data
A1: Shot # | B1: Time | C1: Club | D1: Carry (m) | E1: Total (m) | F1: Offline (m) | G1: Club Speed (km/h) | H1: Ball Speed (km/h) | I1: Smash Factor | J1: Spin Axis (°) | K1: Back Spin (rpm) | L1: Side Spin (rpm)
A2: 23 | B2: 11:05:27 | C2: LW | D2: 67 | E2: 67.5 | F2: 0.9 | G2: 114.8 | H2: 114.4 | I2: 1 | J2: -5.3 | K2: 9733 | L2: -900
A3: 24 | B3: 11:05:47 | C3: LW | D3: 67.4 | E3: 67.9 | F3: 0.2 | G3: 113.5 | H3: 114.5 | I3: 1.01 | J3: -4 | K3: 9725 | L3: -673
A4: 25 | B4: 11:06:03 | C4: LW | D4: 78.8 | E4: 83.5 | F4: -12.8 | G4: 115.6 | H4: 121.6 | I4: 1.05 | J4: -16.9 | K4: 7688 | L4: -2340
A5: 26 | B5: 11:06:20 | C5: LW | D5: 72.7 | E5: 74.7 | F5: -7.2 | G5: 113.7 | H5: 118.7 | I5: 1.04 | J5: -13.2 | K5: 8978 | L5: -2103
A6: 27 | B6: 11:06:44 | C6: LW | D6: 56.3 | E6: 58 | F6: 3.1 | G6: 104.2 | H6: 99 | I6: 0.95 | J6: -2.7 | K6: 8280 | L6: -385
A7: 29 | B7: 11:07:56 | C7: SW | D7: 67.9 | E7: 70.5 | F7: 5.5 | G7: 118.8 | H7: 111.4 | I7: 0.94 | J7: 4.5 | K7: 8664 | L7: 687
A8: 31 | B8: 11:08:37 | C8: SW | D8: 104.3 | E8: 117.1 | F8: -12.1 | G8: 118.6 | H8: 145.2 | I8: 1.22 | J8: -18.3 | K8: 5656 | L8: -1867
A9: 32 | B9: 11:08:50 | C9: SW | D9: 73.8 | E9: 74.3 | F9: 3.5 | G9: 117.9 | H9: 122.9 | I9: 1.04 | J9: -1.9 | K9: 9871 | L9: -320
A10: 33 | B10: 11:09:05 | C10: SW | D10: 74.9 | E10: 76.3 | F10: 3.5 | G10: 115.5 | H10: 121.9 | I10: 1.05 | J10: -4.1 | K10: 9186 | L10: -652
A11: 34 | B11: 11:09:21 | C11: SW | D11: 57 | E11: 61.4 | F11: 3.7 | G11: 87 | H11: 97.1 | I11: 1.12 | J11: 0.8 | K11: 6296 | L11: 85
A12: 35 | B12: 11:10:09 | C12: GW | D12: 63 | E12: 65.3 | F12: 5.3 | G12: 113 | H12: 106 | I12: 0.94 | J12: 1.1 | K12: 8101 | L12: 155
A13: 36 | B13: 11:10:22 | C13: GW | D13: 89.2 | E13: 92.5 | F13: -5.4 | G13: 117.8 | H13: 134.9 | I13: 1.14 | J13: -6.7 | K13: 8257 | L13: -962
... A65: 99 | B65: 11:42:13 | C65: DR | D65: 157.8 | E65: 188.4 | F65: 22.3 | G65: 150.7 | H65: 210.7 | I65: 1.4 | J65: 22.8 | K65: 2915 | L65: 1224

Sheet Club Summary
A1: Club | B1: Shots | C1: Avg Carry (m) | D1: Median Carry (m) | E1: Min (m) | F1: Max (m) | G1: Carry Spread (m) | H1: Gap to Next (m) | I1: Avg Smash | J1: Avg Back Spin | K1: Avg Offline (m)
A2: DR | B2: =COUNTIF('Shot Data'!$C$2:$C$65,$A2) -> 4 | C2: =ROUND(AVERAGEIF('Shot Data'!$C$2:$C$65,$A2,'Shot Data'!$D$2:$D$65),1) -> 162.9 | D2: =ROUND(MEDIAN(IF('Shot Data'!$C$2:$C$65=$A2,'Shot Data'!$D$2:$D$65)),1) -> 0 | E2: =ROUND(MIN(IF('Shot Data'!$C$2:$C$65=$A2,'Shot Data'!$D$2:$D$65)),1) -> 0 | F2: =ROUND(MAX(IF('Shot Data'!$C$2:$C$65=$A2,'Shot Data'!$D$2:$D$65)),1) -> 0 | G2: =F2-E2 -> 0 | H2: =IF($A3="","",C2-C3) -> -10.3 | I2: =ROUND(AVERAGEIF('Shot Data'!$C$2:$C$65,$A2,'Shot Data'!$I$2:$I$65),2) -> 1.44 | J2: =ROUND(AVERAGEIF('Shot Data'!$C$2:$C$65,$A2,'Shot Data'!$K$2:$K$65),0) -> 2124 | K2: =ROUND(AVERAGEIF('Shot Data'!$C$2:$C$65,$A2,'Shot Data'!$F$2:$F$65),1) -> 11.3
A3: 3W | B3: =COUNTIF('Shot Data'!$C$2:$C$65,$A3) -> 5 | C3: =ROUND(AVERAGEIF('Shot Data'!$C$2:$C$65,$A3,'Shot Data'!$D$2:$D$65),1) -> 173.2 | D3: =ROUND(MEDIAN(IF('Shot Data'!$C$2:$C$65=$A3,'Shot Data'!$D$2:$D$65)),1) -> 0 | E3: =ROUND(MIN(IF('Shot Data'!$C$2:$C$65=$A3,'Shot Data'!$D$2:$D$65)),1) -> 0 | F3: =ROUND(MAX(IF('Shot Data'!$C$2:$C$65=$A3,'Shot Data'!$D$2:$D$65)),1) -> 0 | G3: =F3-E3 -> 0 | H3: =IF($A4="","",C3-C4) -> -0.2 | I3: =ROUND(AVERAGEIF('Shot Data'!$C$2:$C$65,$A3,'Shot Data'!$I$2:$I$65),2) -> 1.42 | J3: =ROUND(AVERAGEIF('Shot Data'!$C$2:$C$65,$A3,'Shot Data'!$K$2:$K$65),0) -> 3119 | K3: =ROUND(AVERAGEIF('Shot Data'!$C$2:$C$65,$A3,'Shot Data'!$F$2:$F$65),1) -> 11.5
A4: 4H | B4: =COUNTIF('Shot Data'!$C$2:$C$65,$A4) -> 6 | C4: =ROUND(AVERAGEIF('Shot Data'!$C$2:$C$65,$A4,'Shot Data'!$D$2:$D$65),1) -> 173.4 | D4: =ROUND(MEDIAN(IF('Shot Data'!$C$2:$C$65=$A4,'Shot Data'!$D$2:$D$65)),1) -> 0 | E4: =ROUND(MIN(IF('Shot Data'!$C$2:$C$65=$A4,'Shot Data'!$D$2:$D$65)),1) -> 0 | F4: =ROUND(MAX(IF('Shot Data'!$C$2:$C$65=$A4,'Shot Data'!$D$2:$D$65)),1) -> 0 | G4: =F4-E4 -> 0 | H4: =IF($A5="","",C4-C5) -> 3.3 | I4: =ROUND(AVERAGEIF('Shot Data'!$C$2:$C$65,$A4,'Shot Data'!$I$2:$I$65),2) -> 1.39 | J4: =ROUND(AVERAGEIF('Shot Data'!$C$2:$C$65,$A4,'Shot Data'!$K$2:$K$65),0) -> 4449 | K4: =ROUND(AVERAGEIF('Shot Data'!$C$2:$C$65,$A4,'Shot Data'!$F$2:$F$65),1) -> 4.6
A5: 4I | B5: =COUNTIF('Shot Data'!$C$2:$C$65,$A5) -> 5 | C5: =ROUND(AVERAGEIF('Shot Data'!$C$2:$C$65,$A5,'Shot Data'!$D$2:$D$65),1) -> 170.1 | D5: =ROUND(MEDIAN(IF('Shot Data'!$C$2:$C$65=$A5,'Shot Data'!$D$2:$D$65)),1) -> 0 | E5: =ROUND(MIN(IF('Shot Data'!$C$2:$C$65=$A5,'Shot Data'!$D$2:$D$65)),1) -> 0 | F5: =ROUND(MAX(IF('Shot Data'!$C$2:$C$65=$A5,'Shot Data'!$D$2:$D$65)),1) -> 0 | G5: =F5-E5 -> 0 | H5: =IF($A6="","",C5-C6) -> 16.8 | I5: =ROUND(AVERAGEIF('Shot Data'!$C$2:$C$65,$A5,'Shot Data'!$I$2:$I$65),2) -> 1.39 | J5: =ROUND(AVERAGEIF('Shot Data'!$C$2:$C$65,$A5,'Shot Data'!$K$2:$K$65),0) -> 3725 | K5: =ROUND(AVERAGEIF('Shot Data'!$C$2:$C$65,$A5,'Shot Data'!$F$2:$F$65),1) -> 13.9
A6: 5I | B6: =COUNTIF('Shot Data'!$C$2:$C$65,$A6) -> 4 | C6: =ROUND(AVERAGEIF('Shot Data'!$C$2:$C$65,$A6,'Shot Data'!$D$2:$D$65),1) -> 153.3 | D6: =ROUND(MEDIAN(IF('Shot Data'!$C$2:$C$65=$A6,'Shot Data'!$D$2:$D$65)),1) -> 0 | E6: =ROUND(MIN(IF('Shot Data'!$C$2:$C$65=$A6,'Shot Data'!$D$2:$D$65)),1) -> 0 | F6: =ROUND(MAX(IF('Shot Data'!$C$2:$C$65=$A6,'Shot Data'!$D$2:$D$65)),1) -> 0 | G6: =F6-E6 -> 0 | H6: =IF($A7="","",C6-C7) -> 4.2 | I6: =ROUND(AVERAGEIF('Shot Data'!$C$2:$C$65,$A6,'Shot Data'!$I$2:$I$65),2) -> 1.4 | J6: =ROUND(AVERAGEIF('Shot Data'!$C$2:$C$65,$A6,'Shot Data'!$K$2:$K$65),0) -> 4013 | K6: =ROUND(AVERAGEIF('Shot Data'!$C$2:$C$65,$A6,'Shot Data'!$F$2:$F$65),1) -> 2.6
A7: 6I | B7: =COUNTIF('Shot Data'!$C$2:$C$65,$A7) -> 5 | C7: =ROUND(AVERAGEIF('Shot Data'!$C$2:$C$65,$A7,'Shot Data'!$D$2:$D$65),1) -> 149.1 | D7: =ROUND(MEDIAN(IF('Shot Data'!$C$2:$C$65=$A7,'Shot Data'!$D$2:$D$65)),1) -> 0 | E7: =ROUND(MIN(IF('Shot Data'!$C$2:$C$65=$A7,'Shot Data'!$D$2:$D$65)),1) -> 0 | F7: =ROUND(MAX(IF('Shot Data'!$C$2:$C$65=$A7,'Shot Data'!$D$2:$D$65)),1) -> 0 | G7: =F7-E7 -> 0 | H7: =IF($A8="","",C7-C8) -> 9.7 | I7: =ROUND(AVERAGEIF('Shot Data'!$C$2:$C$65,$A7,'Shot Data'!$I$2:$I$65),2) -> 1.39 | J7: =ROUND(AVERAGEIF('Shot Data'!$C$2:$C$65,$A7,'Shot Data'!$K$2:$K$65),0) -> 4246 | K7: =ROUND(AVERAGEIF('Shot Data'!$C$2:$C$65,$A7,'Shot Data'!$F$2:$F$65),1) -> -7.5
A8: 7I | B8: =COUNTIF('Shot Data'!$C$2:$C$65,$A8) -> 5 | C8: =ROUND(AVERAGEIF('Shot Data'!$C$2:$C$65,$A8,'Shot Data'!$D$2:$D$65),1) -> 139.4 | D8: =ROUND(MEDIAN(IF('Shot Data'!$C$2:$C$65=$A8,'Shot Data'!$D$2:$D$65)),1) -> 0 | E8: =ROUND(MIN(IF('Shot Data'!$C$2:$C$65=$A8,'Shot Data'!$D$2:$D$65)),1) -> 0 | F8: =ROUND(MAX(IF('Shot Data'!$C$2:$C$65=$A8,'Shot Data'!$D$2:$D$65)),1) -> 0 | G8: =F8-E8 -> 0 | H8: =IF($A9="","",C8-C9) -> 10.9 | I8: =ROUND(AVERAGEIF('Shot Data'!$C$2:$C$65,$A8,'Shot Data'!$I$2:$I$65),2) -> 1.33 | J8: =ROUND(AVERAGEIF('Shot Data'!$C$2:$C$65,$A8,'Shot Data'!$K$2:$K$65),0) -> 4750 | K8: =ROUND(AVERAGEIF('Shot Data'!$C$2:$C$65,$A8,'Shot Data'!$F$2:$F$65),1) -> 8.4
A9: 8I | B9: =COUNTIF('Shot Data'!$C$2:$C$65,$A9) -> 5 | C9: =ROUND(AVERAGEIF('Shot Data'!$C$2:$C$65,$A9,'Shot Data'!$D$2:$D$65),1) -> 128.5 | D9: =ROUND(MEDIAN(IF('Shot Data'!$C$2:$C$65=$A9,'Shot Data'!$D$2:$D$65)),1) -> 0 | E9: =ROUND(MIN(IF('Shot Data'!$C$2:$C$65=$A9,'Shot Data'!$D$2:$D$65)),1) -> 0 | F9: =ROUND(MAX(IF('Shot Data'!$C$2:$C$65=$A9,'Shot Data'!$D$2:$D$65)),1) -> 0 | G9: =F9-E9 -> 0 | H9: =IF($A10="","",C9-C10) -> 9.5 | I9: =ROUND(AVERAGEIF('Shot Data'!$C$2:$C$65,$A9,'Shot Data'!$I$2:$I$65),2) -> 1.3 | J9: =ROUND(AVERAGEIF('Shot Data'!$C$2:$C$65,$A9,'Shot Data'!$K$2:$K$65),0) -> 5588 | K9: =ROUND(AVERAGEIF('Shot Data'!$C$2:$C$65,$A9,'Shot Data'!$F$2:$F$65),1) -> 1
A10: 9I | B10: =COUNTIF('Shot Data'!$C$2:$C$65,$A10) -> 5 | C10: =ROUND(AVERAGEIF('Shot Data'!$C$2:$C$65,$A10,'Shot Data'!$D$2:$D$65),1) -> 119 | D10: =ROUND(MEDIAN(IF('Shot Data'!$C$2:$C$65=$A10,'Shot Data'!$D$2:$D$65)),1) -> 0 | E10: =ROUND(MIN(IF('Shot Data'!$C$2:$C$65=$A10,'Shot Data'!$D$2:$D$65)),1) -> 0 | F10: =ROUND(MAX(IF('Shot Data'!$C$2:$C$65=$A10,'Shot Data'!$D$2:$D$65)),1) -> 0 | G10: =F10-E10 -> 0 | H10: =IF($A11="","",C10-C11) -> 13.4 | I10: =ROUND(AVERAGEIF('Shot Data'!$C$2:$C$65,$A10,'Shot Data'!$I$2:$I$65),2) -> 1.28 | J10: =ROUND(AVERAGEIF('Shot Data'!$C$2:$C$65,$A10,'Shot Data'!$K$2:$K$65),0) -> 6728 | K10: =ROUND(AVERAGEIF('Shot Data'!$C$2:$C$65,$A10,'Shot Data'!$F$2:$F$65),1) -> 1.3
A11: PW | B11: =COUNTIF('Shot Data'!$C$2:$C$65,$A11) -> 5 | C11: =ROUND(AVERAGEIF('Shot Data'!$C$2:$C$65,$A11,'Shot Data'!$D$2:$D$65),1) -> 105.6 | D11: =ROUND(MEDIAN(IF('Shot Data'!$C$2:$C$65=$A11,'Shot Data'!$D$2:$D$65)),1) -> 0 | E11: =ROUND(MIN(IF('Shot Data'!$C$2:$C$65=$A11,'Shot Data'!$D$2:$D$65)),1) -> 0 | F11: =ROUND(MAX(IF('Shot Data'!$C$2:$C$65=$A11,'Shot Data'!$D$2:$D$65)),1) -> 0 | G11: =F11-E11 -> 0 | H11: =IF($A12="","",C11-C12) -> 22.6 | I11: =ROUND(AVERAGEIF('Shot Data'!$C$2:$C$65,$A11,'Shot Data'!$I$2:$I$65),2) -> 1.25 | J11: =ROUND(AVERAGEIF('Shot Data'!$C$2:$C$65,$A11,'Shot Data'!$K$2:$K$65),0) -> 6228 | K11: =ROUND(AVERAGEIF('Shot Data'!$C$2:$C$65,$A11,'Shot Data'!$F$2:$F$65),1) -> -5.7
A12: GW | B12: =COUNTIF('Shot Data'!$C$2:$C$65,$A12) -> 5 | C12: =ROUND(AVERAGEIF('Shot Data'!$C$2:$C$65,$A12,'Shot Data'!$D$2:$D$65),1) -> 83 | D12: =ROUND(MEDIAN(IF('Shot Data'!$C$2:$C$65=$A12,'Shot Data'!$D$2:$D$65)),1) -> 135.6 | E12: =ROUND(MIN(IF('Shot Data'!$C$2:$C$65=$A12,'Shot Data'!$D$2:$D$65)),1) -> 56.3 | F12: =ROUND(MAX(IF('Shot Data'!$C$2:$C$65=$A12,'Shot Data'!$D$2:$D$65)),1) -> 196.1 | G12: =F12-E12 -> 139.8 | H12: =IF($A13="","",C12-C13) -> 7.4 | I12: =ROUND(AVERAGEIF('Shot Data'!$C$2:$C$65,$A12,'Shot Data'!$I$2:$I$65),2) -> 1.07 | J12: =ROUND(AVERAGEIF('Shot Data'!$C$2:$C$65,$A12,'Shot Data'!$K$2:$K$65),0) -> 7878 | K12: =ROUND(AVERAGEIF('Shot Data'!$C$2:$C$65,$A12,'Shot Data'!$F$2:$F$65),1) -> 2.8
A13: SW | B13: =COUNTIF('Shot Data'!$C$2:$C$65,$A13) -> 5 | C13: =ROUND(AVERAGEIF('Shot Data'!$C$2:$C$65,$A13,'Shot Data'!$D$2:$D$65),1) -> 75.6 | D13: =ROUND(MEDIAN(IF('Shot Data'!$C$2:$C$65=$A13,'Shot Data'!$D$2:$D$65)),1) -> 0 | E13: =ROUND(MIN(IF('Shot Data'!$C$2:$C$65=$A13,'Shot Data'!$D$2:$D$65)),1) -> 0 | F13: =ROUND(MAX(IF('Shot Data'!$C$2:$C$65=$A13,'Shot Data'!$D$2:$D$65)),1) -> 0 | G13: =F13-E13 -> 0 | H13: =IF($A14="","",C13-C14) -> 7.2 | I13: =ROUND(AVERAGEIF('Shot Data'!$C$2:$C$65,$A13,'Shot Data'!$I$2:$I$65),2) -> 1.07 | J13: =ROUND(AVERAGEIF('Shot Data'!$C$2:$C$65,$A13,'Shot Data'!$K$2:$K$65),0) -> 7935 | K13: =ROUND(AVERAGEIF('Shot Data'!$C$2:$C$65,$A13,'Shot Data'!$F$2:$F$65),1) -> 0.8
A14: LW | B14: =COUNTIF('Shot Data'!$C$2:$C$65,$A14) -> 5 | C14: =ROUND(AVERAGEIF('Shot Data'!$C$2:$C$65,$A14,'Shot Data'!$D$2:$D$65),1) -> 68.4 | D14: =ROUND(MEDIAN(IF('Shot Data'!$C$2:$C$65=$A14,'Shot Data'!$D$2:$D$65)),1) -> 0 | E14: =ROUND(MIN(IF('Shot Data'!$C$2:$C$65=$A14,'Shot Data'!$D$2:$D$65)),1) -> 0 | F14: =ROUND(MAX(IF('Shot Data'!$C$2:$C$65=$A14,'Shot Data'!$D$2:$D$65)),1) -> 0 | G14: =F14-E14 -> 0 | I14: =ROUND(AVERAGEIF('Shot Data'!$C$2:$C$65,$A14,'Shot Data'!$I$2:$I$65),2) -> 1.01 | J14: =ROUND(AVERAGEIF('Shot Data'!$C$2:$C$65,$A14,'Shot Data'!$K$2:$K$65),0) -> 8881 | K14: =ROUND(AVERAGEIF('Shot Data'!$C$2:$C$65,$A14,'Shot Data'!$F$2:$F$65),1) -> -3.2
A16: Source: user's simulator session 22/08/2026 (65 shots transcribed from 5 screen photos; duplicate display rows removed). Median/Min/Max use array formulas. Gap = difference in avg carry vs next club down.

Sheet Findings
A1: FULL-BAG SESSION FINDINGS — 22 Aug 2026
A3: 1. Driver is the weakest club in the bag | B3: Avg carry 163m with a 66m spread (128–194). Avg 3W carry (173m) beats it; best 3W (196m) ≈ best driver (194m). Big right-side misses (avg 11m offline right, one shot 22.8° spin axis). Session footer showed a driver swing with face 9.2° open vs path 0.6° — the slice lives at the top of the bag.
A4: 2. Three clubs do one job | B4: 4-iron (170m avg), 4-hybrid (173m) and 3W (173m excl. one mishit) all carry within ~3m of each other. That's three slots covering one distance. The 4H is the keeper: tightest spread (166–183) and best dispersion of the three.
A5: 3. 5i and 6i nearly overlap | B5: 153m vs 149m avg — only 4m apart, and 6i median actually 152 vs 5i 153. One of them is redundant on current gapping.
A6: 4. Mid/short irons are the strength | B6: 7i-8i-9i gaps are clean (12m, 8m) with respectable smash (1.26–1.39). This is the best-functioning part of the bag.
A7: 5. The PW→GW chasm is confirmed again | B7: ~23m gap between PW (106m) and GW (83m). This is the hole the new set's 50° wedge fills.
A8: 6. Short-club miss is LEFT, long-club miss is RIGHT | B8: Wedges/short irons show negative side spin (draw/pull bias); driver, 4i, 4H, 3W show big right misses. Classic face-control pattern: face closes relative to path at low speed, hangs open at high speed.
A9: 7. Wedge contact is inconsistent | B9: Smash 0.94–1.14 on GW/SW/LW with several fat/thin outliers (63m GW, 57m SW, 104m SW flier). Partial-wedge control is the biggest scoring opportunity.
A11: EQUIPMENT IMPLICATIONS | B11: G430 8-club set (5-PW, 50°, 54°) fits this data almost perfectly: fixes the PW-GW chasm, and the absent 4-iron doesn't matter because the 4H already covers 170-175m. Consider eventually dropping either 5i or 6i overlap will likely resolve with new lofts. Driver is the next project after the irons — a face-control lesson helps it most.
